Sent Date,Order #,Order ID,Modifier,Order item
2024-04-17 20:04:00,159,17-159,XL Shirt,1
2024-04-28 17:34:00,194,28-194,Medium Shirt,1
2024-05-02 15:18:00,103,2-103,Medium Shirt,1
2024-05-21 18:33:00,55,21-55,Large Shirt,1
2024-05-24 18:38:00,90,24-90,Small Shirt,1
2024-05-27 14:34:00,24,27-24,Small Shirt,1
2024-05-27 17:30:00,42,27-42,Medium Shirt,1
2024-07-22 19:54:00,52,22-52,2X Shirt,1
2024-08-08 17:59:00,36,8-36,Small Shirt,1
2024-08-19 20:04:00,173,19-173,2X Shirt,1
2024-09-04 11:52:00,20,4-20,XL Shirt,1
2024-09-07 16:53:00,110,7-110,Small Shirt,1
2024-09-28 19:37:00,139,28-139,2X Shirt,1
2024-10-04 14:49:00,57,4-57,XL Shirt,1
2024-10-13 16:14:00,101,13-101,2X Shirt,1
2024-05-27 17:30:00,42,27-42,Large Shirt,2
2024-09-07 16:53:00,110,7-110,Medium Shirt,2
